model,id ,name,slug,description,category,product_type,supplier,is_active,main_price,main_sale_price,reviews_count,main_image,average_rating,date_created
catalog.product,1,iPhone 12,iphone-12,None,3,1,1,1,48170,6513,366,https://m.media-amazon.com/images/I/41bIlvE1rdL.__AC_SX300_SY300_QL70_FMwebp_.jpg,3.07,1/20/2021
catalog.product,2,iPhone 11,iphone-11,None,3,1,1,1,35273,9554,658,"https://m.media-amazon.com/images/I/41GWVG6QBCL._AC._SR180,230.jpg",4.37,9/3/2023
catalog.product,3,iPhone 13,iphone-13,None,3,1,1,1,47623,1145,889,"https://m.media-amazon.com/images/I/31tyUh1todL._AC._SR180,230.jpg",4.33,12/2/2023
catalog.product,4,Samsung Galaxy S21,samsung-galaxy-s21,None,3,1,1,1,49791,7133,496,"https://m.media-amazon.com/images/I/61jYjeuNUnL._AC._SR360,460.jpg",3.02,10/14/2022
catalog.product,5,Samsung Galaxy A15,samsung-galaxy-a15,None,3,1,1,1,21123,8164,395,"https://m.media-amazon.com/images/I/61s0ZzwzSCL._AC._SR360,460.jpg",3.35,7/13/2022
catalog.product,6,Samsung Galaxy S20 FE,samsung-galaxy-s20-fe,None,3,1,1,1,10986,3122,524,"https://m.media-amazon.com/images/I/51IRxly2xcL._AC._SR360,460.jpg",3.85,11/8/2023
catalog.product,7,iPhone 12 Pro,iphone-12-pro,None,3,1,1,1,11731,6847,596,"https://m.media-amazon.com/images/I/51bf95umgzL._AC._SR360,460.jpg",3.55,11/8/2023
catalog.product,8,Samsung Galaxy S21 Ultra,samsung-galaxy-s21-ultra,None,3,1,1,1,12002,9455,564,"https://m.media-amazon.com/images/I/61dlAm9BpqL._AC._SR360,460.jpg",4.08,3/1/2022
catalog.product,9,Motorola Moto G 5G,motorola-moto-g-5g,None,3,1,1,1,22338,3726,579,https://m.media-amazon.com/images/I/613cvL2ZYHL._AC_UL480_QL65_.jpg,3.03,12/4/2021
catalog.product,10,Iphone XR,iphone-xr,None,3,1,1,1,11916,6276,779,https://m.media-amazon.com/images/I/717KHGCJ6eL._AC_UL480_QL65_.jpg,4.76,8/24/2024
catalog.product,11,Nokia G100,nokia-g100,None,3,1,1,1,21488,7051,407,https://m.media-amazon.com/images/I/716nsPtlrJL._AC_UL480_FMwebp_QL65_.jpg,3.48,4/6/2024
catalog.product,12,Samsung Galaxy S24 Ultra,samsung-galaxy-s24-ultra,None,3,1,1,1,14775,9845,304,https://m.media-amazon.com/images/I/71WcjsOVOmL._AC_UL480_FMwebp_QL65_.jpg,4.21,10/6/2020
catalog.product,13,OnePlus Nord N30 5G,oneplus-nord-n30-5g,None,3,1,1,1,27186,9149,751,https://m.media-amazon.com/images/I/616uMtIWiiL._AC_UL480_FMwebp_QL65_.jpg,3.45,12/11/2020
catalog.product,14,iPhone 13 Pro Max,iphone-13-pro-max,None,3,1,1,1,7532,1810,783,https://m.media-amazon.com/images/I/51UtM-A3fdL._AC_UL480_FMwebp_QL65_.jpg,4.16,10/30/2020
catalog.product,15,iPhone 14 ,iphone-14-,None,3,1,1,1,46947,7126,562,https://m.media-amazon.com/images/I/618h-H-R+ZL._AC_UL480_FMwebp_QL65_.jpg,3.04,8/2/2024
catalog.product,16,iPhone XS,iphone-xs,None,3,1,1,1,33623,2366,330,https://m.media-amazon.com/images/I/51I7GPdU6LL._AC_UL480_FMwebp_QL65_.jpg,3.06,4/17/2022
catalog.product,17,Samsung S21 FE 5G,samsung-s21-fe-5g,None,3,1,1,1,28287,3802,883,https://m.media-amazon.com/images/I/61CJQoz1-sL._AC_UL480_FMwebp_QL65_.jpg,3.28,4/1/2023
catalog.product,18,Google Pixel 8a,google-pixel-8a,None,3,1,1,1,35027,7474,837,https://m.media-amazon.com/images/I/71n1Bn04lJL._AC_UL480_FMwebp_QL65_.jpg,4.02,4/29/2022
catalog.product,19,Samsung Galaxy A25,samsung-galaxy-a25,None,3,1,1,1,27404,2796,617,https://m.media-amazon.com/images/I/51m744UUjYL._AC_UL480_FMwebp_QL65_.jpg,3.58,4/21/2021
catalog.product,20,Google Pixel 7,google-pixel-7,None,3,1,1,1,24324,5175,788,https://m.media-amazon.com/images/I/7173p0j-mbL._AC_UL480_FMwebp_QL65_.jpg,3.16,4/1/2020
catalog.product,21,iPhone 13 Case,iphone-13-case,None,4,3,1,1,24139,1424,488,"https://m.media-amazon.com/images/I/6101EjS4L9L._AC._SR360,460.jpg",4.92,2/8/2024
catalog.product,22,Magentic Case for Iphone 14 Pro Max,magentic-case-for-iphone-14-pro-max,None,4,3,1,1,40739,8322,944,"https://m.media-amazon.com/images/I/61AMYzshWUL._AC._SR360,460.jpg",3.66,3/23/2023
catalog.product,23,Samsung Galaxy S21 Ultra Case Dual Protective,samsung-galaxy-s21-ultra-case-dual-protective,None,4,3,1,1,32714,1147,534,https://m.media-amazon.com/images/I/718Cqohl5PL._AC_UL480_FMwebp_QL65_.jpg,4.49,8/29/2023
catalog.product,24,BENTOBEN iPhone 11 Magentic Case,bentoben-iphone-11-magentic-case,None,4,3,1,1,20453,6705,353,https://m.media-amazon.com/images/I/61M9EGkEi1L._AC_UL480_FMwebp_QL65_.jpg,4.96,2/19/2023
catalog.product,25,"Heavy Duty Case for iPhone 15, 3-layer Protection","heavy-duty-case-for-iphone-15,-3-layer-protection",None,4,3,1,1,31103,9007,886,https://m.media-amazon.com/images/I/612ulB29i1L._AC_UL480_FMwebp_QL65_.jpg,3.49,8/4/2022
catalog.product,26,BodyGuardz Pure 3 Privacy Screen Protector for iPhone 15 Pro Max,bodyguardz-pure-3-privacy-screen-protector-for-iphone-15-pro-max,None,4,4,1,1,23449,3198,977,https://m.media-amazon.com/images/I/51Ak4lojdmL._AC_UL480_FMwebp_QL65_.jpg,3.75,1/25/2024
catalog.product,27,Ailun Glass Screen Protector for iPhone 14,ailun-glass-screen-protector-for-iphone-14,None,4,4,1,1,27711,1894,527,https://m.media-amazon.com/images/I/71OicfvCsbL._AC_UL480_FMwebp_QL65_.jpg,4.16,11/29/2022
catalog.product,28,Spigen Tempered Glass Screen Protector for iphone 13 Pro Max,spigen-tempered-glass-screen-protector-for-iphone-13-pro-max,None,4,4,1,1,22777,6717,722,https://m.media-amazon.com/images/I/61OZ-jtsLAL._AC_UL480_FMwebp_QL65_.jpg,4.39,1/22/2023
catalog.product,29,UNBREAKcable Privacy Screen Protector for iPhone 15 Pro Max,unbreakcable-privacy-screen-protector-for-iphone-15-pro-max,None,4,4,1,1,10239,2978,453,https://m.media-amazon.com/images/I/61jHovOLwnL._AC_UL480_FMwebp_QL65_.jpg,3.32,8/9/2021
catalog.product,30,LK 2 Pack for Google Pixel 8,lk-2-pack-for-google-pixel-8,None,4,4,1,1,31192,7815,303,https://m.media-amazon.com/images/I/71EL3KInR4L._AC_UL480_FMwebp_QL65_.jpg,4.43,10/21/2024
catalog.product,31,USB C Charger Block 40 W ,usb-c-charger-block-40-w-,None,6,5,1,1,48827,6901,834,https://m.media-amazon.com/images/I/61NYLbbxMiL._AC_UY327_FMwebp_QL65_.jpg,3.69,1/3/2020
catalog.product,32,iPhone 14 Super Fast Charger,iphone-14-super-fast-charger,None,6,5,1,1,8115,5918,789,https://m.media-amazon.com/images/I/61pJjw7jopL._AC_UL480_FMwebp_QL65_.jpg,4.96,10/26/2020
catalog.product,33,Anker iPhone 15 Charger,anker-iphone-15-charger,None,6,5,1,1,35383,1645,997,https://m.media-amazon.com/images/I/51doDr4AxGL._AC_UY327_FMwebp_QL65_.jpg,4.85,10/1/2022
catalog.product,34,Amazon Basics 15W Qi,amazon-basics-15w-qi,None,6,6,1,1,26941,9077,554,https://m.media-amazon.com/images/I/61mBfpz7vKL._AC_UL480_FMwebp_QL65_.jpg,4.85,1/12/2024
catalog.product,35,Wireless Charger iPhone Charging Station,wireless-charger-iphone-charging-station,None,6,6,1,1,40913,1669,712,https://m.media-amazon.com/images/I/61Mv4h1f4DL._AC_UL480_FMwebp_QL65_.jpg,4.91,11/7/2023
catalog.product,36,Yootech Wireless Charger 10 W ,yootech-wireless-charger-10-w-,None,6,6,1,1,20903,4443,804,https://m.media-amazon.com/images/I/61oIAKY9s1L._AC_UL480_FMwebp_QL65_.jpg,4.03,11/24/2022
catalog.product,37,INIU Portable Charger 10000 mAh,iniu-portable-charger-10000-mah,None,6,7,1,1,20352,7136,576,https://m.media-amazon.com/images/I/516tnauVb+L._AC_UY327_FMwebp_QL65_.jpg,4.98,11/4/2024
catalog.product,38,Anker Protable charger 10000mAh,anker-protable-charger-10000mah,None,6,7,1,1,10054,2003,534,https://m.media-amazon.com/images/I/71rC6tBu0NL._AC_UY327_FMwebp_QL65_.jpg,4.4,5/24/2020
catalog.product,39,Anker Magentic Power Bank 15000mAh,anker-magentic-power-bank-15000mah,None,6,7,1,1,39027,8696,461,https://m.media-amazon.com/images/I/61EUFa99OtL._AC_UY327_FMwebp_QL65_.jpg,3.71,7/5/2024
catalog.product,40,INIU 140W Power bank 27000mAh,iniu-140w-power-bank-27000mah,None,6,7,1,1,17614,2834,982,https://m.media-amazon.com/images/I/51TvmwF7ANL._AC_UY327_FMwebp_QL65_.jpg,3.11,5/20/2022
catalog.product,41,INIU Portable Charger smallers 22.5 10000mAh,iniu-portable-charger-smallers-22.5-10000mah,None,6,7,1,1,14146,5878,876,https://m.media-amazon.com/images/I/61dp6J+8AEL._AC_UY327_FMwebp_QL65_.jpg,3.78,7/3/2023
catalog.product,42,Braided USB C to Micro USB Cable,braided-usb-c-to-micro-usb-cable,None,5,8,1,1,16081,6491,976,https://m.media-amazon.com/images/I/71oPf4NK8-L._AC_UL480_FMwebp_QL65_.jpg,3.98,10/31/2024
catalog.product,43,Durcord USB C Cable 10ft,durcord-usb-c-cable-10ft,None,5,8,1,1,31535,5065,717,https://m.media-amazon.com/images/I/71fj+FDVPgL._AC_UL480_FMwebp_QL65_.jpg,3.26,9/6/2020
catalog.product,44,USB 2.0 printer Cable 15ft,usb-2.0-printer-cable-15ft,None,5,9,1,1,42089,3252,585,https://m.media-amazon.com/images/I/61PrGL8nYLL._AC_UY327_FMwebp_QL65_.jpg,3.32,8/12/2022
catalog.product,45,AkoaDa USB A to USB A Cable,akoada-usb-a-to-usb-a-cable,None,5,9,1,1,43506,1997,718,https://m.media-amazon.com/images/I/61FTW18yUIL._AC_UY327_FMwebp_QL65_.jpg,3.33,1/4/2024
catalog.product,46,Ultralight Bluetooth Wireless Headphone ,ultralight-bluetooth-wireless-headphone-,None,7,10,1,1,36298,9402,376,https://m.media-amazon.com/images/I/71d2Z+dj90L._AC_UY327_FMwebp_QL65_.jpg,3.19,12/27/2024
catalog.product,47,Bluetooth Headset Stereo Sound Computer Headset,bluetooth-headset-stereo-sound-computer-headset,None,7,10,1,1,27581,9563,365,https://m.media-amazon.com/images/I/61KJez07NNL._AC_UY327_FMwebp_QL65_.jpg,4.36,1/21/2024
catalog.product,48,Poly Voyager Surround 80 US Bluetooth Headset,poly-voyager-surround-80-us-bluetooth-headset,None,7,10,1,1,13329,3132,513,https://m.media-amazon.com/images/I/61OuSkcPLbL._AC_UY327_FMwebp_QL65_.jpg,4.42,12/3/2024
catalog.product,49,SourceTon 3.5mm Noise Isolationg,sourceton-3.5mm-noise-isolationg,None,7,10,1,1,31898,2018,562,https://m.media-amazon.com/images/I/61XuVurTY3L._AC_UY327_FMwebp_QL65_.jpg,4.43,12/29/2023
catalog.product,50,Plantronics HW725 EncorePro Wired Headset,plantronics-hw725-encorepro-wired-headset,None,7,10,1,1,7376,4926,514,https://m.media-amazon.com/images/I/51AoV+Ok1KL._AC_UY327_FMwebp_QL65_.jpg,4.35,4/10/2023
catalog.product,51,USB Earbuds with 8.2FT Extra Long Cord,usb-earbuds-with-8.2ft-extra-long-cord,None,7,11,1,1,38264,5206,345,https://m.media-amazon.com/images/I/612sY7ZivxL._AC_UY327_FMwebp_QL65_.jpg,4.54,7/28/2023
catalog.product,52,USB Headphone for PC + USB C Adapter,usb-headphone-for-pc-+-usb-c-adapter,None,7,11,1,1,40166,5662,779,https://m.media-amazon.com/images/I/61XgKaLdNfL._AC_UY327_FMwebp_QL65_.jpg,3.17,12/26/2020
catalog.product,53,Altec Lansing PLTUHS301B,altec-lansing-pltuhs301b,None,7,11,1,1,39476,1091,919,https://m.media-amazon.com/images/I/41poIQFNj8L._AC_UY327_FMwebp_QL65_.jpg,3.43,5/16/2022
catalog.product,54,MEE audio USB Type c Headset Cable,mee-audio-usb-type-c-headset-cable,None,7,11,1,1,41830,2715,514,https://m.media-amazon.com/images/I/51eOjLj5j4L._AC_UY327_FMwebp_QL65_.jpg,3.05,3/17/2022
catalog.product,55,USB C HeadPhone Type C Earphone,usb-c-headphone-type-c-earphone,None,7,11,1,1,22756,4131,985,https://m.media-amazon.com/images/I/61122R8WcZL._AC_UY327_FMwebp_QL65_.jpg,3.83,1/21/2020
catalog.product,56,Laptop Computer 16 inch FHD Display 16 RAM 512GB SSD,laptop-computer-16-inch-fhd-display-16-ram-512gb-ssd,None,10,13,2,1,10661,6041,442,https://m.media-amazon.com/images/I/71TmVDnuE2L._AC_UY327_FMwebp_QL65_.jpg,4.33,3/24/2020
catalog.product,57,Gaming Laptop AMD Ryzen 7 5700U ,gaming-laptop-amd-ryzen-7-5700u-,None,10,13,2,1,43158,4345,527,https://m.media-amazon.com/images/I/718ftedGsJL._AC_UY327_FMwebp_QL65_.jpg,3.9,8/23/2021
catalog.product,58,AOC Laptop Computer 15.6 Inch FHD,aoc-laptop-computer-15.6-inch-fhd,None,10,13,2,1,34910,9507,383,https://m.media-amazon.com/images/I/71MyDrRw7tL._AC_UY327_FMwebp_QL65_.jpg,3.99,5/14/2024
catalog.product,59,2024 Newest Gaming Laptop with Backlit Keyboard 16.1 inch,2024-newest-gaming-laptop-with-backlit-keyboard-16.1-inch,None,10,13,2,1,20613,5929,358,https://m.media-amazon.com/images/I/81LYaVWl-fL._AC_UY327_FMwebp_QL65_.jpg,3.74,1/30/2021
catalog.product,60,Acer Nitro V Gaming Laptop,acer-nitro-v-gaming-laptop,None,10,13,2,1,18330,7149,884,https://m.media-amazon.com/images/I/71F-Wcriq4L._AC_UY327_FMwebp_QL65_.jpg,4.3,6/17/2024
catalog.product,61,Latest 16 Purple Laptop Quad-Core,latest-16-purple-laptop-quad-core,None,10,13,2,1,47065,2515,969,https://m.media-amazon.com/images/I/81GrCeuCzxL._AC_UY327_FMwebp_QL65_.jpg,3.73,4/3/2020
catalog.product,62,HP Victus 15 Gaming Laptop 15.6 FHD ,hp-victus-15-gaming-laptop-15.6-fhd-,None,10,13,2,1,9907,3846,917,https://m.media-amazon.com/images/I/81BrV64barL._AC_UY327_FMwebp_QL65_.jpg,3.88,9/24/2022
catalog.product,63,ASUS TUF Gaming A15 15.6 FHD,asus-tuf-gaming-a15-15.6-fhd,None,10,13,2,1,6955,8558,927,https://m.media-amazon.com/images/I/71juF7A+MsL._AC_UY327_FMwebp_QL65_.jpg,4.96,9/17/2022
catalog.product,64,ASUS TUF GAMING F15 15.6 FHD,asus-tuf-gaming-f15-15.6-fhd,None,10,13,2,1,17619,1377,708,https://m.media-amazon.com/images/I/81kxce-AlLL._AC_UY327_FMwebp_QL65_.jpg,3.71,11/28/2021
catalog.product,65,ASUS TUF GAMING F14 15.6 FHD,asus-tuf-gaming-f14-15.6-fhd,None,10,13,2,1,42726,5591,849,https://m.media-amazon.com/images/I/61QzVOkMSKL._AC_UY327_FMwebp_QL65_.jpg,4.25,7/12/2021
catalog.product,66,Acer Nitro 16 Gaming Laptop ,acer-nitro-16-gaming-laptop-,None,10,13,2,1,30289,2444,764,https://m.media-amazon.com/images/I/71Hiqi140OL._AC_UY327_FMwebp_QL65_.jpg,3.16,7/30/2024
catalog.product,67,Lenovo IdeaPad Flex 3i,lenovo-ideapad-flex-3i,None,10,14,2,1,45031,4732,709,https://m.media-amazon.com/images/I/718vHQ20myL._AC_UY327_FMwebp_QL65_.jpg,3.8,2/11/2024
catalog.product,68,HP Notebook Laptop 15.8 HD,hp-notebook-laptop-15.8-hd,None,10,14,2,1,25971,3097,402,https://m.media-amazon.com/images/I/61oAh3XrX+L._AC_UY327_FMwebp_QL65_.jpg,4.78,6/26/2021
catalog.product,69,HP 2024 Newest 14 Laptop Notebook Thin Light,hp-2024-newest-14-laptop-notebook-thin-light,None,10,14,2,1,11908,5204,661,https://m.media-amazon.com/images/I/61nXgmERYNL._AC_UY327_FMwebp_QL65_.jpg,4.74,6/18/2024
catalog.product,70,Acre Chromebook Spin 311,acre-chromebook-spin-311,None,10,14,2,1,22876,7734,300,https://m.media-amazon.com/images/I/61dsJm45m3L._AC_UY327_FMwebp_QL65_.jpg,3.86,6/12/2021
catalog.product,71,Laptop Computer Quad-core Intel N95,laptop-computer-quad-core-intel-n95,None,10,14,2,1,34245,7970,772,https://m.media-amazon.com/images/I/718VpttTgWL._AC_UL480_FMwebp_QL65_.jpg,3.7,11/15/2020
catalog.product,72,Apple 2024 MacBook Air 13-inch,apple-2024-macbook-air-13-inch,None,10,15,2,1,34953,6799,462,https://m.media-amazon.com/images/I/71ItMeqpN3L._AC_UY327_FMwebp_QL65_.jpg,3.57,8/15/2021
catalog.product,73,Apple 2024 MacBook Air 15-inch,apple-2024-macbook-air-15-inch,None,10,15,2,1,34358,9906,842,https://m.media-amazon.com/images/I/71O14N5GYLL._AC_UY327_FMwebp_QL65_.jpg,3.49,7/30/2023
catalog.product,74,Apple 2022 MacBook Air Laptop with M2 chip,apple-2022-macbook-air-laptop-with-m2-chip,None,10,15,2,1,15410,6805,554,https://m.media-amazon.com/images/I/71eXNIDUGjL._AC_UY327_FMwebp_QL65_.jpg,4.41,6/23/2020
catalog.product,75,Apple 2023 MacBook Pro Laptop M3 Pro chip,apple-2023-macbook-pro-laptop-m3-pro-chip,None,10,15,2,1,41136,8929,720,https://m.media-amazon.com/images/I/61RJn0ofUsL._AC_UY327_FMwebp_QL65_.jpg,4.55,10/4/2022
catalog.product,76,Late 2020 Apple MacBook Air with Apple M1 Chip,late-2020-apple-macbook-air-with-apple-m1-chip,None,10,15,2,1,11402,3827,924,https://m.media-amazon.com/images/I/71fMZDz2sEL._AC_UY327_FMwebp_QL65_.jpg,4.89,4/3/2024
catalog.product,77,Handheld Inkjet Printer JS 12H1,handheld-inkjet-printer-js-12h1,None,11,19,2,1,49749,5309,449,https://m.media-amazon.com/images/I/51fPrSWbztL._AC_UL480_FMwebp_QL65_.jpg,3.1,6/3/2024
catalog.product,78,Handheld Printer PT2000SE,handheld-printer-pt2000se,None,11,19,2,1,13579,8046,383,https://m.media-amazon.com/images/I/41aFBSpBJdL._AC_UL480_FMwebp_QL65_.jpg,3.92,3/20/2020
catalog.product,79,B10 Mini Handheld Inkjet,b10-mini-handheld-inkjet,None,11,19,2,1,33645,7422,978,https://m.media-amazon.com/images/I/613-oDmRCLL._AC_UL480_FMwebp_QL65_.jpg,4.93,7/16/2020
catalog.product,80,Pantum Laser Printer Black and White,pantum-laser-printer-black-and-white,None,11,20,2,1,28248,5906,711,https://m.media-amazon.com/images/I/613SHOsQ4SL._AC_UY327_FMwebp_QL65_.jpg,4.67,1/15/2023
catalog.product,81,Pantum BP5100DN Monochome Laser Printer,pantum-bp5100dn-monochome-laser-printer,None,11,20,2,1,11960,9748,512,https://m.media-amazon.com/images/I/61i5YqQaxuL._AC_UY327_FMwebp_QL65_.jpg,3.04,10/10/2020
catalog.product,82,Brother HL-L2405W Wireless ,brother-hl-l2405w-wireless-,None,11,20,2,1,15462,4310,346,https://m.media-amazon.com/images/I/71i9ErhWXvL._AC_UY327_FMwebp_QL65_.jpg,4.67,7/27/2021
catalog.product,83,VIZIO 40 inch D-Series Full Hd,vizio-40-inch-d-series-full-hd,None,12,21,2,1,33352,4692,747,https://m.media-amazon.com/images/I/81pL+uVYD3L._AC_UY327_FMwebp_QL65_.jpg,4.25,5/23/2024
catalog.product,84,Roku 50 Select Series 4K,roku-50-select-series-4k,None,12,21,2,1,22315,3829,991,https://m.media-amazon.com/images/I/71E5BOPoq3L._AC_UY327_FMwebp_QL65_.jpg,3.36,1/14/2021
catalog.product,85,Amazon Fire Tv 32 ,amazon-fire-tv-32-,None,12,21,2,1,28708,7015,634,https://m.media-amazon.com/images/I/418UoVylqyL._AC_UY327_FMwebp_QL65_.jpg,4.97,5/2/2024
catalog.product,86,Sony 43 Inch 4K Ultra HD TV,sony-43-inch-4k-ultra-hd-tv,None,12,21,2,1,45961,1353,766,https://m.media-amazon.com/images/I/71dRtTqxghL._AC_UY327_FMwebp_QL65_.jpg,4.25,2/11/2022
catalog.product,87,Hisense 40-Inch Class A4 Series FHD,hisense-40-inch-class-a4-series-fhd,None,12,21,2,1,38243,2315,688,https://m.media-amazon.com/images/I/71vd0UkOYOL._AC_UY327_FMwebp_QL65_.jpg,3.24,2/18/2024
catalog.product,88,TCL 55-Inch Class S4 4K LED,tcl-55-inch-class-s4-4k-led,None,12,22,2,1,23983,9898,402,https://m.media-amazon.com/images/I/81ubqC5PfRL._AC_UY327_FMwebp_QL65_.jpg,4.84,10/29/2023
catalog.product,89,Amazon Fire Tv 50 4K UHD smart TV,amazon-fire-tv-50-4k-uhd-smart-tv,None,12,22,2,1,28441,7696,620,https://m.media-amazon.com/images/I/716flIFu1QL._AC_UY327_FMwebp_QL65_.jpg,4.26,3/2/2021
catalog.product,90,LG 43-Inch Class UR 9000 Series 4K,lg-43-inch-class-ur-9000-series-4k,None,12,22,2,1,30040,5716,520,https://m.media-amazon.com/images/I/81pL+uVYD3L._AC_UY327_FMwebp_QL65_.jpg,3.33,5/6/2020
catalog.product,91,Samsung 32-inch Class Led Smart FHD TV,samsung-32-inch-class-led-smart-fhd-tv,None,12,22,2,1,45682,4952,891,https://m.media-amazon.com/images/I/91snjIt0nUL._AC_UY327_FMwebp_QL65_.jpg,4.89,10/20/2024
catalog.product,92,TCL75-Inch Q6 QLED 4K Smart Tv,tcl75-inch-q6-qled-4k-smart-tv,None,12,22,2,1,31709,9803,604,https://m.media-amazon.com/images/I/81sH1DlryML._AC_UY327_FMwebp_QL65_.jpg,4.51,1/2/2021
catalog.product,93,Military Smart Watch For Men 2.02,military-smart-watch-for-men-2.02,None,14,23,2,1,27837,8970,758,https://m.media-amazon.com/images/I/71WDS7RC8PL._AC_UY327_FMwebp_QL65_.jpg,3.29,7/28/2021
catalog.product,94,Military Smart Watch For Men 1.43,military-smart-watch-for-men-1.43,None,14,23,2,1,15778,1240,418,https://m.media-amazon.com/images/I/81oYiRojDbL._AC_UY327_FMwebp_QL65_.jpg,3.2,9/8/2024
catalog.product,95,TOZO 2024 New Upgraded Smart Watch For Men and Women,tozo-2024-new-upgraded-smart-watch-for-men-and-women,None,14,23,2,1,11473,9714,391,https://m.media-amazon.com/images/I/71kVgOyOBUL._AC_UY327_FMwebp_QL65_.jpg,4.09,1/17/2020
catalog.product,96,Meta Quest 2 -- Advanced All-In-One Virtual Reality Headset --128 GB,meta-quest-2----advanced-all-in-one-virtual-reality-headset---128-gb,None,15,24,2,1,30470,6287,352,https://m.media-amazon.com/images/I/61GhF+JUXGL._AC_UY327_FMwebp_QL65_.jpg,3.72,1/27/2022
catalog.product,97,Meta Quest 3 512GB,meta-quest-3-512gb,None,15,24,2,1,13793,1907,589,https://m.media-amazon.com/images/I/81Ym5WEphML._AC_UY327_FMwebp_QL65_.jpg,4.81,3/22/2023
catalog.product,98,VR Headset for Phone with Controller,vr-headset-for-phone-with-controller,None,15,24,2,1,47003,3014,471,https://m.media-amazon.com/images/I/614+UzBHijL._AC_UY327_FMwebp_QL65_.jpg,3.27,5/24/2020
catalog.product,99,Blink Outdoor 4 smart security camera,blink-outdoor-4-smart-security-camera,None,17,26,2,1,11766,8396,848,https://m.media-amazon.com/images/I/413JQThf2YL._AC_UY327_FMwebp_QL65_.jpg,4.41,2/7/2021
catalog.product,100,Digital Camera FHD 1080p Camera,digital-camera-fhd-1080p-camera,None,17,26,2,1,44018,1155,392,https://m.media-amazon.com/images/I/61JavBEclHL._AC_UY327_FMwebp_QL65_.jpg,3.06,12/18/2022
catalog.product,101,Canon EOS Rebel T7 DSLR Camera,canon-eos-rebel-t7-dslr-camera,None,17,26,2,1,5812,7843,359,https://m.media-amazon.com/images/I/71ZYxtmYkPL._AC_UY327_FMwebp_QL65_.jpg,4.79,9/6/2024
catalog.product,102,Digital Camera 48Mp Camera for Photography,digital-camera-48mp-camera-for-photography,None,17,26,2,1,39276,6157,347,https://m.media-amazon.com/images/I/81tuHl5oNIL._AC_UY327_FMwebp_QL65_.jpg,4.93,4/6/2022
catalog.product,103,NEZINI 4K Digital Camera,nezini-4k-digital-camera,None,17,26,2,1,46034,6614,725,https://m.media-amazon.com/images/I/71gOns+BlIL._AC_UL480_FMwebp_QL65_.jpg,3.83,2/11/2023
catalog.product,104,ZAFUL Women's Satin Sleevles Spaghettti Strap,zaful-women's-satin-sleevles-spaghettti-strap,None,21,27,2,1,14614,4578,827,https://m.media-amazon.com/images/I/61D-Ks1sO2L._MCnd_AC_UL480_FMwebp_QL65_.jpg,3.09,11/28/2021
catalog.product,105,CIDER Women's Summer Cocktail Dress,cider-women's-summer-cocktail-dress,None,21,27,2,1,10891,5686,634,https://m.media-amazon.com/images/I/8146ED3zwbL._MCnd_AC_UL480_FMwebp_QL65_.jpg,3.87,7/29/2020
catalog.product,106,OLCHEE Womens 3 Pack Crop Tank,olchee-womens-3-pack-crop-tank,None,22,28,2,1,25899,7838,661,https://m.media-amazon.com/images/I/51+xyyTokFL._AC_UL480_FMwebp_QL65_.jpg,4.3,12/9/2020
catalog.product,107,Women's Crop Tank Tops 3-Pack,women's-crop-tank-tops-3-pack,None,22,28,2,1,31113,4769,862,https://m.media-amazon.com/images/I/81xbpp7HktL._AC_UL480_FMwebp_QL65_.jpg,3.64,5/14/2023
catalog.product,108,Amazon Essentials Women's Lightweight V-Neck Caradigan ,amazon-essentials-women's-lightweight-v-neck-caradigan-,None,22,29,2,1,26254,7035,865,https://m.media-amazon.com/images/I/919XfkwoYNL._AC_UL480_FMwebp_QL65_.jpg,4.15,9/12/2024
catalog.product,109,SweatyRocks Women's Long Sleeve Plaid Button Front V,sweatyrocks-women's-long-sleeve-plaid-button-front-v,None,22,29,2,1,13952,8217,706,https://m.media-amazon.com/images/I/71YGyJPewCL._AC_UL480_FMwebp_QL65_.jpg,4.41,9/8/2023
catalog.product,110,18K Gold Heart Necklace,18k-gold-heart-necklace,None,25,32,2,1,34098,1875,956,https://m.media-amazon.com/images/I/41blNzXzB8L._AC_UL480_FMwebp_QL65_.jpg,4.89,10/17/2022
catalog.product,111,Kendra Scott Elisa Pendant Necklace,kendra-scott-elisa-pendant-necklace,None,25,32,2,1,47440,5044,947,https://m.media-amazon.com/images/I/61hYcP9-yhL._AC_UL480_FMwebp_QL65_.jpg,4.5,5/22/2022
catalog.product,112,Amazon Essentials Sterling Silver Round Birthstone Stud Earrings,amazon-essentials-sterling-silver-round-birthstone-stud-earrings,None,26,33,2,1,44523,8273,532,https://m.media-amazon.com/images/I/61Sxu3XttGL._AC_UL480_FMwebp_QL65_.jpg,4.91,7/30/2021
catalog.product,113,"5 Pairs Stud Earrings Set, Hypoallergenic Cubic Zirconia","5-pairs-stud-earrings-set,-hypoallergenic-cubic-zirconia",None,26,33,2,1,7409,7723,379,https://m.media-amazon.com/images/I/61Y78JEs+ZL._AC_UL480_FMwebp_QL65_.jpg,4.3,11/15/2022
catalog.product,114,Small Gold Huggie Hoop Earrings Set For Women 14K Real Gold Plated,small-gold-huggie-hoop-earrings-set-for-women-14k-real-gold-plated,None,26,34,2,1,49755,8341,468,https://m.media-amazon.com/images/I/610iyY4kvvL._AC_UL480_FMwebp_QL65_.jpg,3.21,6/12/2022
catalog.product,115,BMMYE 4 Pairs Small Gold Huggie Hoop Earrings,bmmye-4-pairs-small-gold-huggie-hoop-earrings,None,26,34,3,1,20476,8339,471,https://m.media-amazon.com/images/I/71p8fTU-rrL._AC_UL480_FMwebp_QL65_.jpg,4.14,7/14/2022
catalog.product,116,KRKC 1.6CT Moissanite Ring for Women,krkc-1.6ct-moissanite-ring-for-women,None,27,35,3,1,48423,1584,434,https://m.media-amazon.com/images/I/61iFUXDlRhL._AC_UL480_FMwebp_QL65_.jpg,3.03,4/17/2022
catalog.product,117,TOBENY 8PCS 14K Plated Gold Rings for Women,tobeny-8pcs-14k-plated-gold-rings-for-women,None,27,35,3,1,33148,6441,698,https://m.media-amazon.com/images/I/71UjvKuZSlL._AC_UL480_FMwebp_QL65_.jpg,4.32,1/21/2020
catalog.product,118,Women's Slip On Running Shoes ,women's-slip-on-running-shoes-,None,29,36,3,1,17229,7072,670,https://m.media-amazon.com/images/I/71KeUutpBHL._AC_UL480_FMwebp_QL65_.jpg,3.77,5/22/2020
catalog.product,119,Reebok Women's Floatzig 1 Sneaker,reebok-women's-floatzig-1-sneaker,None,29,36,3,1,38282,6308,498,https://m.media-amazon.com/images/I/51w+O4UUGAL._AC_UL480_FMwebp_QL65_.jpg,3.04,10/21/2021
catalog.product,120,SKDOIUL Women's Athletic Running Shoes,skdoiul-women's-athletic-running-shoes,None,29,36,3,1,10219,6781,333,https://m.media-amazon.com/images/I/81kpS7pFjhL._AC_UL480_FMwebp_QL65_.jpg,3.13,1/24/2022
catalog.product,121,Kizik Athens Comfortable Breathable Knit Slip On Sneakers,kizik-athens-comfortable-breathable-knit-slip-on-sneakers,None,29,37,3,1,46340,4433,877,https://m.media-amazon.com/images/I/51P3sblLKYL._AC_UL480_FMwebp_QL65_.jpg,4.7,8/26/2021
catalog.product,122,Women's Tree Runners Everyday Sneakers,women's-tree-runners-everyday-sneakers,None,29,37,3,1,9323,3030,919,https://m.media-amazon.com/images/I/71LNcEs+PFL._AC_UL480_FMwebp_QL65_.jpg,3.81,7/23/2021
catalog.product,123,YHOON Women's Walking Shoes Slip on,yhoon-women's-walking-shoes-slip-on,None,29,37,3,1,35623,6528,938,https://m.media-amazon.com/images/I/816g38VuSxL._AC_UL480_FMwebp_QL65_.jpg,3.59,8/21/2021
catalog.product,124,ASICS Women's Gel-Challenger 13 tennis Shoes,asics-women's-gel-challenger-13-tennis-shoes,None,30,38,3,1,6075,7738,691,https://m.media-amazon.com/images/I/51+9n+0U53L._AC_UL480_FMwebp_QL65_.jpg,5,1/20/2022
catalog.product,125,Ezkrwxn Women sport Tennis Shoes,ezkrwxn-women-sport-tennis-shoes,None,30,38,3,1,48423,6434,487,https://m.media-amazon.com/images/I/81v7oTuN1FS._AC_UL480_FMwebp_QL65_.jpg,3.57,9/7/2022
catalog.product,126,Wrezatro Women's Slip on Tennis Shoes,wrezatro-women's-slip-on-tennis-shoes,None,30,38,3,1,30652,3195,405,https://m.media-amazon.com/images/I/61dHC5rQpxL._AC_UL480_FMwebp_QL65_.jpg,4.9,3/5/2022
catalog.product,127,Women's Comfy Soccer Cleats Ground Football Shoes,women's-comfy-soccer-cleats-ground-football-shoes,None,30,39,3,1,9555,7139,771,https://m.media-amazon.com/images/I/61XhWfe8h0L._AC_UL480_FMwebp_QL65_.jpg,4.99,11/11/2024
catalog.product,128,Soccer Cleats for women's Outdoor Unisex Football Shoes,soccer-cleats-for-women's-outdoor-unisex-football-shoes,None,30,39,3,1,27552,6357,380,https://m.media-amazon.com/images/I/71xnppWNbRL._AC_UL480_FMwebp_QL65_.jpg,4.09,9/28/2024
catalog.product,129,adidas unisex-adult Goletto Viii Firm Ground,adidas-unisex-adult-goletto-viii-firm-ground,None,30,39,3,1,22434,6256,581,https://m.media-amazon.com/images/I/71cpDLL8ZfL._AC_UL480_FMwebp_QL65_.jpg,4.89,10/26/2021
catalog.product,130,QIJGS Tennis Shoes for Men ,qijgs-tennis-shoes-for-men-,None,37,41,3,1,19133,5686,939,https://m.media-amazon.com/images/I/81U6Hn8m-oL._AC_UL480_FMwebp_QL65_.jpg,3.34,5/18/2020
catalog.product,131,Autper Mens Air Athletic Running Tennis Shoes,autper-mens-air-athletic-running-tennis-shoes,None,37,41,3,1,15963,5335,692,https://m.media-amazon.com/images/I/71JW2rMyNEL._AC_UL480_FMwebp_QL65_.jpg,4.58,5/9/2021
catalog.product,132,New Balance Men's 608 V5 Casual Comfort Cross Trainer,new-balance-men's-608-v5-casual-comfort-cross-trainer,None,37,41,3,1,25788,4110,564,https://m.media-amazon.com/images/I/71H9AI109eL._AC_UL480_FMwebp_QL65_.jpg,4.18,9/17/2024
catalog.product,133,K-Swiss Men's Hypercourt Supreme Tennis Shoe,k-swiss-men's-hypercourt-supreme-tennis-shoe,None,37,41,3,1,27469,1988,700,https://m.media-amazon.com/images/I/71NNgwmvNEL._AC_UL480_FMwebp_QL65_.jpg,3.98,6/21/2021
catalog.product,134,Soulsfeng Mens Tennis Shoes ,soulsfeng-mens-tennis-shoes-,None,37,41,3,1,37109,4862,898,https://m.media-amazon.com/images/I/71QEP05krXL._AC_UL480_FMwebp_QL65_.jpg,3.74,7/30/2023
catalog.product,135,Mens Soccer Ceats FG/AG Football Shoes training Firm Ground,mens-soccer-ceats-fg/ag-football-shoes-training-firm-ground,None,37,42,3,1,27335,1510,991,https://m.media-amazon.com/images/I/71kq0GOnfJL._AC_UL480_FMwebp_QL65_.jpg,3.82,2/1/2021
catalog.product,136,Men's Soccer Shoes Firm Ground Soccer Cleaats,men's-soccer-shoes-firm-ground-soccer-cleaats,None,37,42,3,1,29888,7867,833,https://m.media-amazon.com/images/I/71gCYQWYN+L._AC_UL480_FMwebp_QL65_.jpg,4.54,5/2/2021
catalog.product,137,Men's Soccer Shoes Cleatas Professional High-Top Breathable Boots,men's-soccer-shoes-cleatas-professional-high-top-breathable-boots,None,37,42,3,1,31559,5173,623,https://m.media-amazon.com/images/I/61aaiwSW3aL._AC_UL480_FMwebp_QL65_.jpg,3.29,4/15/2022
catalog.product,138,"PUMA Men's Attacanto Firm, Artificial Ground Soccer Cleat Sneaker","puma-men's-attacanto-firm,-artificial-ground-soccer-cleat-sneaker",None,37,42,3,1,11174,3765,872,https://m.media-amazon.com/images/I/615XWNnZNHL._AC_UL480_FMwebp_QL65_.jpg,3.61,4/29/2020
catalog.product,139,PUMA Men's Attacanto Turf Trainer Sneaker,puma-men's-attacanto-turf-trainer-sneaker,None,37,42,3,1,25029,4317,331,https://m.media-amazon.com/images/I/61lZxZNWsgL._AC_UL480_FMwebp_QL65_.jpg,3.04,3/26/2023
catalog.product,140,5 Pack Polo Shirts for Men Quick Dry Performance Short Sleeve Golf Shirt,5-pack-polo-shirts-for-men-quick-dry-performance-short-sleeve-golf-shirt,None,35,43,3,1,45152,7361,655,https://m.media-amazon.com/images/I/61COScLrI4L._AC_UL480_FMwebp_QL65_.jpg,4.55,7/29/2021
catalog.product,141,6 Pack Mens Polo Shirts Performance Short Sleeve Golf Shirt,6-pack-mens-polo-shirts-performance-short-sleeve-golf-shirt,None,35,43,3,1,17936,8569,557,https://m.media-amazon.com/images/I/71rtilVGhML._AC_UL480_FMwebp_QL65_.jpg,3.44,5/22/2022
catalog.product,142,M MAELREG Golf Shirts for Men Short Sleeve Dry Fit,m-maelreg-golf-shirts-for-men-short-sleeve-dry-fit,None,35,43,3,1,41513,7477,621,https://m.media-amazon.com/images/I/610pEQq5yPL._AC_UL480_FMwebp_QL65_.jpg,3.02,9/23/2022
catalog.product,143,Hanes Men's X-Temp Short Sleeve Polo Shirt,hanes-men's-x-temp-short-sleeve-polo-shirt,None,35,43,3,1,23624,8355,339,https://m.media-amazon.com/images/I/81a+0PEsHCL._AC_UL480_FMwebp_QL65_.jpg,4.97,12/17/2023
catalog.product,144,Nautica Men's Solid Deck Shirt,nautica-men's-solid-deck-shirt,None,35,43,3,1,33788,9254,556,https://m.media-amazon.com/images/I/81cpwPVgP4L._AC_UL480_FMwebp_QL65_.jpg,4.41,9/18/2021
catalog.product,145,Men's Slim-Fit Jeans,men's-slim-fit-jeans,None,33,44,3,1,42139,5494,405,https://m.media-amazon.com/images/I/71rFWpYw72L._AC_UL480_FMwebp_QL65_.jpg,3.98,1/9/2021
catalog.product,146,AITITIA Men's Ripped Regular Fit Jeans,aititia-men's-ripped-regular-fit-jeans,None,33,44,3,1,48419,1128,301,https://m.media-amazon.com/images/I/91aqxpLmx1L._AC_UL480_FMwebp_QL65_.jpg,4.42,7/16/2024
catalog.product,147,GINGTTO Men's Ripped Jeans Slim Fit Skinny Stretch Jeans,gingtto-men's-ripped-jeans-slim-fit-skinny-stretch-jeans,None,33,44,3,1,46249,7464,742,https://m.media-amazon.com/images/I/71qltk7jYPL._AC_UL480_FMwebp_QL65_.jpg,3.79,10/17/2020
catalog.product,148,Wrangler Authentics Men's Regular Fit Comfort Flex,wrangler-authentics-men's-regular-fit-comfort-flex,None,33,44,3,1,31724,9835,500,https://m.media-amazon.com/images/I/61MmC3VF+TL._AC_UL480_FMwebp_QL65_.jpg,5,12/7/2022
catalog.product,149,Amazon Essentials Men's Athletic-Fit Jean,amazon-essentials-men's-athletic-fit-jean,None,33,44,3,1,16953,2194,768,https://m.media-amazon.com/images/I/81jpWlEgE7L._AC_UL480_FMwebp_QL65_.jpg,4.73,6/6/2023
catalog.product,150,L'Oreal Paris True Match Nude Hyaluronic Tinted Serum Foundation,l'oreal-paris-true-match-nude-hyaluronic-tinted-serum-foundation,None,41,45,3,1,21317,7796,447,https://m.media-amazon.com/images/I/61R-Jp3LnLL._AC_UL480_FMwebp_QL65_.jpg,3.75,6/5/2022
catalog.product,151,Maybelline Instant Age Rewind Eraser Foundation,maybelline-instant-age-rewind-eraser-foundation,None,41,45,3,1,6853,3986,386,https://m.media-amazon.com/images/I/71lStMwR-OL._AC_UL480_FMwebp_QL65_.jpg,4.95,1/24/2021
catalog.product,152,Maybelline Fit Me Matte + Poreless Liquid Oil-Free,maybelline-fit-me-matte-+-poreless-liquid-oil-free,None,41,45,3,1,41578,4282,402,https://m.media-amazon.com/images/I/71XAkQTLYvL._AC_UL480_FMwebp_QL65_.jpg,4.95,10/4/2022
catalog.product,153,SHEGLAM Color Bloom Liquid Blush Makeup for Cheeks Matte Finish,sheglam-color-bloom-liquid-blush-makeup-for-cheeks-matte-finish,None,41,46,3,1,46481,2421,941,https://m.media-amazon.com/images/I/51INVV9sgzL._AC_UL480_FMwebp_QL65_.jpg,3.78,4/21/2023
catalog.product,154,wet n wild Color Icon Blush ,wet-n-wild-color-icon-blush-,None,41,46,3,1,15049,4338,836,https://m.media-amazon.com/images/I/81FSUbGs2dL._AC_UL480_FMwebp_QL65_.jpg,4.73,6/18/2022
catalog.product,155,Liquid Blush For Cheeks,liquid-blush-for-cheeks,None,41,46,3,1,47470,1502,997,https://m.media-amazon.com/images/I/41Z84VqqAjL._AC_UL480_FMwebp_QL65_.jpg,4.39,2/25/2024
catalog.product,156,Winky Lux Glimmer Lip Balm,winky-lux-glimmer-lip-balm,None,42,47,3,1,11327,4318,646,https://m.media-amazon.com/images/I/51enZFJ9DZL._AC_UL480_FMwebp_QL65_.jpg,4.61,12/31/2021
catalog.product,157,Maybelline Super Stay Matte Lipstick,maybelline-super-stay-matte-lipstick,None,42,47,3,1,27604,6795,592,https://m.media-amazon.com/images/I/61Nr5N-XM0L._AC_UL480_FMwebp_QL65_.jpg,4.92,12/14/2022
catalog.product,158,ITY Velvet Matte Finish Lip Clay,ity-velvet-matte-finish-lip-clay,None,42,47,3,1,5447,6260,869,https://m.media-amazon.com/images/I/61t4sz4z-CL._AC_UL480_FMwebp_QL65_.jpg,4.07,8/10/2021
catalog.product,159,Amazon Basics Therapeutic Plus Tar Gel Shampoo,amazon-basics-therapeutic-plus-tar-gel-shampoo,None,43,48,3,1,26514,4248,761,https://m.media-amazon.com/images/I/51wI8lbpUGL._AC_UL480_FMwebp_QL65_.jpg,3.14,2/3/2020
catalog.product,160,Pantene Daily Moisture Renewal Shampoo,pantene-daily-moisture-renewal-shampoo,None,43,48,3,1,5697,4780,770,https://m.media-amazon.com/images/I/717iqA49nBL._AC_UL480_FMwebp_QL65_.jpg,4.77,12/20/2022
catalog.product,161,Herbal Essences Sulfate Free Shampoo,herbal-essences-sulfate-free-shampoo,None,43,48,3,1,49359,5703,418,https://m.media-amazon.com/images/I/71EJZsekXOL._AC_UL480_FMwebp_QL65_.jpg,3.6,9/1/2023
catalog.product,162,amika normcore signature shampoo,amika-normcore-signature-shampoo,None,43,48,3,1,9500,6146,982,https://m.media-amazon.com/images/I/615r62cFUFL._AC_UL480_FMwebp_QL65_.jpg,3.57,7/27/2022
catalog.product,163,Nexxus Clean and Pure Clarifying Shampoo,nexxus-clean-and-pure-clarifying-shampoo,None,43,48,3,1,17930,4110,963,https://m.media-amazon.com/images/I/7113w+mYZzL._AC_UL480_FMwebp_QL65_.jpg,3.08,5/29/2020
catalog.product,164,Framesi Color Lover Moisture Rich Conditioner,framesi-color-lover-moisture-rich-conditioner,None,43,49,3,1,18772,2315,659,https://m.media-amazon.com/images/I/61lqbS8nEAL._AC_UL480_FMwebp_QL65_.jpg,4.72,11/26/2022
catalog.product,165,Herbal Essences Shampoo and Conditioner Set,herbal-essences-shampoo-and-conditioner-set,None,43,49,3,1,17834,6053,954,https://m.media-amazon.com/images/I/81jre+Jf-uL._AC_UL480_FMwebp_QL65_.jpg,3.78,8/1/2020
catalog.product,166,TRESemme Conditioner Moisture Rish 3,tresemme-conditioner-moisture-rish-3,None,43,49,3,1,42831,8917,604,https://m.media-amazon.com/images/I/81lJPp2bh4L._AC_UL480_FMwebp_QL65_.jpg,3.03,4/29/2024
catalog.product,167,Loving Tan Platinum Mousse,loving-tan-platinum-mousse,None,43,50,3,1,36383,4230,411,https://m.media-amazon.com/images/I/61IpoFvZacL._AC_UL480_FMwebp_QL65_.jpg,3.26,2/16/2023
catalog.product,168,SheaMoisture Curl Mousse,sheamoisture-curl-mousse,None,43,50,3,1,13350,4778,531,https://m.media-amazon.com/images/I/71FUUduzcgL._AC_UL480_FMwebp_QL65_.jpg,3.48,8/20/2022
catalog.product,169,Loving Tan 2 HR Express,loving-tan-2-hr-express,None,43,50,3,1,5109,7786,643,https://m.media-amazon.com/images/I/513XepLZJnL._AC_UL480_FMwebp_QL65_.jpg,4.25,2/7/2024
catalog.product,170,Lattafa Yara for Women Eau de Parfum Spray,lattafa-yara-for-women-eau-de-parfum-spray,None,44,51,3,1,5522,5567,584,https://m.media-amazon.com/images/I/51HG8NxWLeL._AC_UL480_FMwebp_QL65_.jpg,3.81,2/27/2021
catalog.product,171,Nautica Voyage Eau De Toilette For Men,nautica-voyage-eau-de-toilette-for-men,None,44,51,3,1,6027,3563,909,https://m.media-amazon.com/images/I/51dp6BGML8L._AC_UL480_FMwebp_QL65_.jpg,4.1,12/21/2022
catalog.product,172,Lattafa Perfumes Khamrah for Unisex Eau de Parfum Spray,lattafa-perfumes-khamrah-for-unisex-eau-de-parfum-spray,None,44,51,3,1,40947,4516,641,https://m.media-amazon.com/images/I/71lRdO1+9-L._AC_UL480_FMwebp_QL65_.jpg,3.69,12/13/2021
catalog.product,173,Swiss Arabian Layali Rouge For Women,swiss-arabian-layali-rouge-for-women,None,44,51,3,1,18043,3399,548,https://m.media-amazon.com/images/I/71aexvDrUaL._AC_UL480_FMwebp_QL65_.jpg,3.38,10/5/2023
catalog.product,174,Victoria's Secret Bombshell,victoria's-secret-bombshell,None,44,51,3,1,43302,9473,776,https://m.media-amazon.com/images/I/61WHDeDjU6L._AC_UL480_FMwebp_QL65_.jpg,3.32,9/10/2022
